{
    "model_name": "qwen3:8b",
    "total_info": {
        "task": {
            "accuracy": 0.5327380952380952,
            "correct_count": 537,
            "total_count": 1008
        },
        "session": {
            "accuracy": 0.1015625,
            "correct_count": 26,
            "total_count": 256
        }
    },
    "task_type_info": {
        "Single-Tool": {
            "accuracy": 0.5396825396825397,
            "correct_count": 136,
            "total_count": 252
        },
        "Multi-Tool": {
            "accuracy": 0.3147410358565737,
            "correct_count": 79,
            "total_count": 251
        },
        "Parallel Multi-Tool": {
            "accuracy": 0.43137254901960786,
            "correct_count": 66,
            "total_count": 153
        },
        "Sequential Multi-Tool": {
            "accuracy": 0.125,
            "correct_count": 2,
            "total_count": 16
        },
        "Mixed Multi-Tool": {
            "accuracy": 0.13414634146341464,
            "correct_count": 11,
            "total_count": 82
        },
        "Clarify": {
            "accuracy": 0.4087301587301587,
            "correct_count": 103,
            "total_count": 252
        },
        "Chat": {
            "accuracy": 0.8656126482213439,
            "correct_count": 219,
            "total_count": 253
        }
    },
    "layer_info": {
        "0": {
            "accuracy": 0.7142857142857143,
            "correct_count": 180,
            "total_count": 252
        },
        "1": {
            "accuracy": 0.5714285714285714,
            "correct_count": 144,
            "total_count": 252
        },
        "2": {
            "accuracy": 0.4722222222222222,
            "correct_count": 119,
            "total_count": 252
        },
        "3": {
            "accuracy": 0.373015873015873,
            "correct_count": 94,
            "total_count": 252
        }
    },
    "turn_subtype_info": {
        "First Turn": {
            "accuracy": 0.7142857142857143,
            "correct_count": 180,
            "total_count": 252
        },
        "Subsequent Turn": {
            "accuracy": 0.4722222222222222,
            "correct_count": 357,
            "total_count": 756
        },
        "Coreferential Reference": {
            "accuracy": 0.4897959183673469,
            "correct_count": 168,
            "total_count": 343
        },
        "Partial Information": {
            "accuracy": 0.4936708860759494,
            "correct_count": 117,
            "total_count": 237
        },
        "Long-Range Dependency": {
            "accuracy": 0.4090909090909091,
            "correct_count": 72,
            "total_count": 176
        }
    },
    "optimal_info": {
        "Total": {
            "accuracy": 0.3276595744680851,
            "correct_count": 77,
            "total_count": 235
        },
        "Parallel Multi-Tool": {
            "accuracy": 0.43137254901960786,
            "correct_count": 66,
            "total_count": 153
        },
        "Mixed Multi-Tool": {
            "accuracy": 0.13414634146341464,
            "correct_count": 11,
            "total_count": 82
        }
    },
    "progress_info": {
        "Total": {
            "rate": 0.27958833619210977,
            "complete_step": 163,
            "total_step": 583
        },
        "Sequential Multi-Tool": {
            "rate": 0.5283018867924528,
            "complete_step": 28,
            "total_step": 53
        },
        "Mixed Multi-Tool": {
            "rate": 0.25471698113207547,
            "complete_step": 135,
            "total_step": 530
        }
    }
}